BALANCE_LEVEL,SOCIAL_CLASS,Slow Uptrend %,Slow Uptrend RS,Slow Downtrend %,Slow Downtrend RS,Fast Uptrend %,Fast Uptrend RS,Fast Downtrend %,Fast Downtrend RS,PROFESSION,FINANCIAL_PRODUCT,SCHEME_NAME
7,8,92,81,2,59,35,4,43,86,PSU,FD,Credit Card Loan
4,8,46,17,0,49,66,65,26,4,Journalist,FD,SBI Term Deposit
2,4,4,78,49,83,84,30,9,11,Contractor,RD,Two-Wheeler Loan
2,1,39,0,0,10,58,1,14,64,Defence,FD,SBI Multi Option Deposit (MODS)
8,6,17,98,46,57,80,84,9,79,Stock Broker,RD,Pension Loan
3,5,17,26,57,67,59,23,23,39,Import/Export,FD,Agriculture Loan
6,8,80,29,5,20,86,9,13,12,Retired,Loan,Education Loan
7,8,33,78,60,49,40,50,4,51,Stock Broker,FD,Agriculture Loan
1,5,27,80,26,61,64,37,33,25,Political/Social Worker,SIP,SBI Equity SIP
6,7,47,34,12,18,2,47,31,85,Journalist,RD,Education Loan
5,8,63,65,36,74,65,86,14,73,Journalist,Credit,Car Loan
6,5,82,23,7,87,49,39,34,73,Contractor,SIP,SBI Hybrid SIP
6,2,34,52,28,36,6,96,92,7,Student,FD,SBI Tax Savings FD
5,8,52,5,38,20,66,73,1,35,Legal Prof,Loan,SBI Bluechip Fund SIP
6,1,41,32,44,59,43,92,26,82,Medical Prof,Credit,SBI Special FD (400 Days)
5,3,20,29,1,26,46,19,43,49,Stock Broker,SIP,SBI Magnum SIP
5,1,13,89,19,89,12,95,2,77,Defence,RD,SBI Recurring Deposit
1,2,34,46,13,49,66,84,12,25,Political/Social Worker,FD,SBI Annuity Deposit
8,4,50,6,42,51,0,26,32,13,Defence,SIP,SBI Multi Option Deposit (MODS)
6,2,60,16,17,57,85,49,8,5,Political/Social Worker,RD,Education Loan
7,4,43,4,13,71,28,87,49,56,Jeweller,SIP,Education Loan
4,3,62,17,36,79,5,42,18,72,PSU,SIP,Two-Wheeler Loan
4,7,79,76,9,70,63,36,13,3,Student,RD,SBI Focused Equity SIP
4,3,75,16,18,15,73,52,0,72,Defence,Loan,Two-Wheeler Loan
7,1,65,54,10,95,10,52,7,19,Legal Prof,RD,Agriculture Loan
2,1,33,30,56,81,18,13,70,99,Jeweller,Credit,Two-Wheeler Loan
1,2,91,26,1,71,19,0,35,16,Housewife,SIP,Tractor Loan
8,2,8,59,29,0,83,62,5,98,Import/Export,SIP,SBI Equity SIP
6,1,3,24,77,73,88,6,3,12,Political/Social Worker,FD,Overdraft Facility
1,4,13,36,81,86,71,75,26,24,Political/Social Worker,FD,Education Loan
2,4,95,15,4,18,73,50,20,17,Legal Prof,SIP,SBI Small Cap SIP
8,1,1,27,55,64,78,21,6,99,CA/Finance,Loan,SBI Annuity Deposit
7,1,63,78,31,57,79,51,18,62,Stock Broker,SIP,Personal Loan
5,1,54,85,27,25,70,70,8,45,Migrant Labour,Credit,SBI Term Deposit
2,8,69,89,4,36,32,36,5,7,Import/Export,Credit,Agriculture Loan
3,4,56,85,18,65,37,86,31,24,Retired,FD,Overdraft Facility
1,8,29,47,33,39,85,79,4,12,Central Govt,SIP,Business Loan
7,8,47,26,11,27,77,79,17,51,Agriculture,Credit,SBI Focused Equity SIP
5,1,76,77,3,50,8,56,46,31,Migrant Labour,FD,SBI Small Cap SIP
6,4,61,79,19,37,95,82,0,29,CA/Finance,FD,SBI Term Deposit
6,4,14,96,47,56,31,90,39,98,Engineer/Architect,SIP,Home Loan
7,1,47,32,30,81,35,59,32,86,Migrant Labour,FD,SBI EMI Card
1,5,38,80,47,11,44,31,13,55,CA/Finance,SIP,Tractor Loan
8,4,55,27,3,49,53,93,33,25,Legal Prof,FD,SBI Special FD (200 Days)
2,4,83,36,10,40,73,82,22,81,Political/Social Worker,RD,Loan Against Property
2,2,37,60,27,45,27,74,65,73,Political/Social Worker,RD,Home Loan
7,7,36,33,6,85,19,86,34,18,Migrant Labour,FD,SBI Multi Option Deposit (MODS)
7,4,38,34,16,31,18,46,47,63,Stock Broker,Loan,Car Loan
6,1,28,13,69,23,16,49,80,56,Contractor,SIP,SBI WeCare FD (Senior Citizens)
5,8,26,80,30,82,72,67,5,47,Medical Prof,RD,SBI Debt SIP
4,1,45,10,33,55,10,20,30,93,Service Sector,FD,SBI Magnum SIP
8,7,59,12,7,86,33,90,15,21,Service Sector,Loan,SBI Overdraft
1,3,96,68,1,96,91,29,2,7,Central Govt,Credit,SBI Multi Option Deposit (MODS)
4,1,45,58,25,45,94,34,2,38,PSU,RD,Education Loan
1,8,83,19,4,23,54,33,36,53,Import/Export,RD,SBI Multi Option Deposit (MODS)
5,1,54,83,7,12,90,65,5,98,Retired,RD,Tractor Loan
5,2,5,54,13,99,3,26,85,6,Stock Broker,Credit,SBI EMI Card
1,2,79,94,14,13,23,77,14,5,Contractor,Loan,SBI WeCare FD (Senior Citizens)
4,3,79,31,7,72,38,51,51,96,Engineer/Architect,FD,SBI Recurring Deposit
1,1,99,22,0,97,80,12,17,22,Engineer/Architect,SIP,SBI Debt SIP
7,4,34,80,33,44,32,93,45,86,Agriculture,RD,SBI Small Cap SIP
6,2,17,20,69,39,58,26,31,1,Trade Sector,RD,SBI Recurring Deposit
7,5,65,27,13,63,55,81,37,63,Political/Social Worker,Loan,SBI Hybrid SIP
4,1,3,55,56,30,29,6,45,89,Defence,Credit,Two-Wheeler Loan
5,5,77,51,17,67,26,17,24,38,Housewife,Credit,Loan Against Property
8,4,71,15,27,34,84,72,15,98,Political/Social Worker,Credit,Business Loan
2,4,47,78,21,0,48,63,51,7,Journalist,Loan,Home Loan
8,3,72,78,12,50,69,14,29,49,Migrant Labour,FD,Overdraft Facility
8,6,65,38,9,67,16,50,6,46,Service Sector,Loan,Pension Loan
5,2,64,84,35,42,7,84,47,26,Student,RD,SBI WeCare FD (Senior Citizens)
3,3,50,40,41,71,68,79,19,87,PSU,SIP,SBI Hybrid SIP
1,6,71,76,6,61,65,28,29,37,Legal Prof,Loan,SBI Overdraft
2,7,2,85,92,28,44,49,7,64,Agriculture,SIP,SBI Equity SIP
5,8,98,17,1,64,59,26,18,6,Legal Prof,FD,SBI Overdraft
7,4,35,30,18,8,5,73,24,36,Jeweller,Credit,Pension Loan
8,2,84,97,0,59,23,1,43,55,Retired,RD,SBI Hybrid SIP
3,1,12,64,70,10,15,19,44,98,Defence,Credit,Pension Loan
2,2,61,68,29,57,91,26,2,27,Pawn Shop,RD,SBI Special FD (200 Days)
1,2,0,54,91,80,57,83,14,24,Student,Loan,SBI Small Cap SIP
8,5,22,86,29,10,77,5,21,10,Industrialist,SIP,SBI Debt SIP
2,5,35,6,16,14,27,10,21,23,PSU,FD,Home Loan
5,6,81,12,18,89,43,81,30,8,Migrant Labour,Loan,SBI Equity SIP
8,8,23,76,71,53,32,48,22,77,Jeweller,Loan,Loan Against Property
2,4,89,78,9,20,64,93,31,59,Trade Sector,FD,SBI Special FD (400 Days)
7,4,24,75,49,83,13,29,5,29,Legal Prof,FD,SBI EMI Card
1,6,63,89,33,71,15,30,77,65,Defence,Loan,SBI Hybrid SIP
4,3,39,68,24,25,24,37,2,37,Medical Prof,RD,Business Loan
3,8,32,27,37,77,9,37,56,15,State Govt,SIP,SBI Recurring Deposit
1,6,14,98,2,13,42,28,46,3,Migrant Labour,SIP,SBI Hybrid SIP
4,2,34,42,9,20,85,34,8,84,Engineer/Architect,FD,SBI WeCare FD (Senior Citizens)
4,4,4,71,72,97,17,50,20,40,Agriculture,Loan,Loan Against Property
4,1,58,22,33,85,74,81,17,39,Political/Social Worker,Loan,SBI Tax Savings FD
7,4,64,44,3,1,23,25,35,22,Import/Export,SIP,SBI Magnum SIP
6,3,37,73,34,93,99,37,0,92,Trade Sector,RD,Business Loan
2,4,67,28,15,33,24,13,10,23,Private Sector,FD,Overdraft Facility
4,7,58,7,31,93,5,70,55,26,CA/Finance,Loan,SBI Tax Savings FD
1,6,11,38,86,88,50,93,44,73,Retired,Credit,SBI Debt SIP
5,6,8,13,62,72,76,38,4,39,Migrant Labour,RD,SBI Hybrid SIP
8,7,32,46,18,45,33,56,49,82,Service Sector,RD,SBI Focused Equity SIP
1,6,26,6,47,28,18,68,50,93,Journalist,FD,Two-Wheeler Loan
2,5,41,2,50,90,83,97,15,44,Retired,RD,SBI EMI Card
1,4,53,72,40,87,22,54,59,79,Journalist,Loan,SBI Focused Equity SIP
1,7,72,64,14,68,38,8,32,69,Import/Export,Credit,SBI Focused Equity SIP
4,8,5,74,26,84,37,29,3,81,Legal Prof,SIP,SBI Hybrid SIP
6,4,29,37,37,14,84,51,11,28,Student,Credit,SBI Multi Option Deposit (MODS)
1,3,56,11,36,74,59,72,37,0,Retired,RD,SBI Recurring Deposit
7,5,8,18,82,61,54,90,45,90,Agriculture,SIP,Two-Wheeler Loan
7,3,33,19,32,39,91,94,1,57,Medical Prof,Credit,Pension Loan
1,4,62,15,14,31,76,89,21,13,Migrant Labour,FD,Agriculture Loan
4,5,45,83,42,30,91,43,5,70,Political/Social Worker,Loan,Home Loan
1,4,36,37,41,98,43,5,16,67,Import/Export,Credit,Car Loan
2,1,5,91,12,29,58,1,21,57,Migrant Labour,SIP,SBI Small Cap SIP
2,2,64,31,12,97,49,94,14,77,Migrant Labour,Credit,SBI Tax Savings FD
7,3,36,56,42,87,91,35,3,63,Migrant Labour,Loan,Car Loan
4,6,89,14,7,6,87,85,3,85,Trade Sector,SIP,SBI WeCare FD (Senior Citizens)
8,6,78,1,4,91,15,26,68,30,Legal Prof,SIP,SBI Tax Savings FD
3,1,92,15,0,27,71,81,24,21,Retired,SIP,SBI Special FD (400 Days)
1,2,33,6,38,51,73,51,14,78,Private Sector,FD,SBI Overdraft
2,6,16,26,77,72,1,47,76,73,Contractor,Loan,SBI Magnum SIP
8,5,83,6,6,91,42,62,39,83,Engineer/Architect,Loan,Pension Loan
3,5,85,85,0,97,80,7,15,44,Trade Sector,SIP,SBI Debt SIP
4,2,65,55,26,11,13,91,47,54,Central Govt,Loan,Education Loan
2,4,2,61,0,47,16,68,70,18,Retired,Credit,SBI EMI Card
1,8,46,49,38,88,90,55,8,77,Service Sector,Loan,Education Loan
4,7,31,73,64,9,60,33,19,60,Legal Prof,RD,Agriculture Loan
1,7,67,4,6,97,8,42,15,88,State Govt,RD,Tractor Loan
8,8,51,61,16,90,36,96,12,95,Jeweller,Credit,Agriculture Loan
3,6,59,85,38,41,40,73,20,28,Pawn Shop,Loan,SBI Multi Option Deposit (MODS)
6,2,18,45,52,84,84,63,0,44,Student,RD,SBI Credit Card
7,1,36,1,56,58,69,4,25,36,State Govt,SIP,Car Loan
6,8,14,19,14,76,60,41,15,45,Industrialist,SIP,SBI Debt SIP
8,5,8,85,74,41,74,72,24,83,PSU,Credit,Credit Card Loan
6,5,60,0,4,64,39,53,10,59,Migrant Labour,Credit,SBI Multi Option Deposit (MODS)
6,2,69,38,15,97,10,11,9,79,Student,RD,Home Loan
4,5,24,36,34,85,34,74,21,95,Jeweller,Credit,SBI Equity SIP
8,8,97,19,1,8,50,25,3,24,Housewife,Loan,SBI Magnum SIP
5,1,18,2,13,36,20,15,14,13,Industrialist,RD,SBI Recurring Deposit
7,6,84,33,14,0,51,68,7,93,Industrialist,SIP,SBI Annuity Deposit
7,7,1,49,46,60,13,13,30,4,Retired,Loan,Agriculture Loan
5,8,4,63,95,21,35,55,18,16,Jeweller,Loan,SBI Bluechip Fund SIP
1,2,17,57,44,17,95,80,1,6,Retired,FD,Credit Card Loan
5,5,82,69,12,13,43,17,34,92,PSU,SIP,Loan Against Property
8,4,98,67,1,96,50,12,18,61,Political/Social Worker,Credit,SBI EMI Card
2,6,87,70,11,56,32,87,18,78,Journalist,FD,SBI Hybrid SIP
4,4,3,86,4,60,40,54,43,74,Defence,SIP,SBI Focused Equity SIP
4,8,43,70,43,49,81,13,9,14,Retired,FD,SBI EMI Card
6,2,76,34,19,22,48,98,49,99,Pawn Shop,SIP,SBI Hybrid SIP
3,8,58,1,31,84,92,91,6,35,Service Sector,Credit,Credit Card Loan
5,6,74,1,22,66,74,49,16,34,Migrant Labour,RD,Overdraft Facility
7,4,91,91,8,0,74,68,18,73,Housewife,FD,Education Loan
2,2,4,61,19,93,65,31,10,57,Import/Export,SIP,SBI Focused Equity SIP
6,7,85,82,6,80,80,35,10,95,Contractor,SIP,SBI Credit Card
6,2,69,63,29,75,8,93,20,94,Defence,SIP,SBI Recurring Deposit
3,2,69,8,4,14,90,6,7,95,Private Sector,RD,SBI Tax Savings FD
5,3,5,80,82,18,56,30,27,74,Trade Sector,FD,Overdraft Facility
7,3,17,92,24,85,19,78,57,9,PSU,Credit,SBI EMI Card
6,4,12,86,46,94,22,66,49,84,Contractor,FD,Education Loan
1,7,69,62,6,64,18,82,43,25,State Govt,SIP,SBI Debt SIP
5,4,85,90,13,37,43,41,19,51,Medical Prof,Credit,SBI Bluechip Fund SIP
1,2,40,78,56,31,36,96,0,17,Trade Sector,Credit,SBI Flexi RD Scheme
1,5,73,39,3,4,96,23,2,16,Retired,Loan,SBI Credit Card
6,5,14,20,14,65,24,31,52,20,Stock Broker,Credit,SBI EMI Card
2,2,13,35,14,82,19,70,33,29,Central Govt,Credit,SBI EMI Card
7,4,12,86,78,35,45,97,8,18,PSU,Loan,Tractor Loan
7,1,13,14,45,50,14,7,66,68,Pawn Shop,RD,SBI Recurring Deposit
4,6,83,5,5,98,56,28,30,66,CA/Finance,RD,SBI Credit Card
2,2,47,99,15,66,9,11,32,56,State Govt,Credit,SBI Bluechip Fund SIP
4,1,95,20,4,75,99,20,0,59,CA/Finance,Credit,Overdraft Facility
6,5,72,5,0,64,75,33,13,55,Industrialist,RD,Credit Card Loan
6,6,62,89,19,94,20,55,1,95,Industrialist,FD,Loan Against Property
7,4,29,48,36,33,54,21,31,30,Engineer/Architect,Loan,SBI Equity SIP
8,4,43,95,46,78,18,10,47,78,Jeweller,FD,Tractor Loan
4,1,47,66,22,95,14,39,43,85,Defence,Loan,SBI Equity SIP
3,8,57,54,14,75,64,41,23,94,Legal Prof,Credit,Pension Loan
7,6,30,23,52,7,89,47,7,29,Journalist,Loan,SBI Focused Equity SIP
2,6,47,0,3,91,36,46,7,99,Pawn Shop,Credit,SBI WeCare FD (Senior Citizens)
8,7,83,0,12,85,4,45,29,68,Retired,RD,SBI Bluechip Fund SIP
1,5,53,52,11,63,19,26,33,16,CA/Finance,Credit,SBI WeCare FD (Senior Citizens)
8,6,16,86,60,5,49,71,25,54,PSU,Credit,Agriculture Loan
3,6,31,64,9,28,90,44,0,66,Agriculture,FD,SBI Special FD (200 Days)
5,7,85,66,1,61,98,8,1,27,Jeweller,SIP,SBI Magnum SIP
5,5,42,45,52,69,20,48,61,74,Industrialist,Credit,Personal Loan
1,8,68,58,29,54,7,78,18,35,Service Sector,SIP,SBI Magnum SIP
5,6,53,12,29,15,38,70,46,26,Private Sector,Credit,SBI Hybrid SIP
3,7,6,19,61,95,50,60,45,31,PSU,FD,Business Loan
4,2,78,21,19,52,85,65,2,42,Retired,Credit,SBI Flexi RD Scheme
7,1,6,1,40,3,53,31,0,99,Migrant Labour,Loan,Agriculture Loan
2,3,19,62,48,45,7,86,91,31,Medical Prof,Credit,SBI Annuity Deposit
8,2,17,62,34,52,51,80,14,65,Service Sector,Credit,SBI Flexi RD Scheme
5,1,97,16,1,77,54,45,2,37,Migrant Labour,Loan,SBI EMI Card
8,5,60,49,32,89,16,33,27,58,Defence,RD,SBI Magnum SIP
8,2,75,74,21,83,15,0,11,26,Contractor,SIP,SBI EMI Card
1,5,36,3,0,63,41,50,48,90,Stock Broker,FD,SBI Multi Option Deposit (MODS)
4,7,90,81,6,3,71,2,25,78,Legal Prof,Loan,SBI Term Deposit
8,1,25,37,7,9,49,36,15,25,Student,SIP,SBI Bluechip Fund SIP
4,1,45,81,34,43,28,1,11,58,Medical Prof,FD,SBI WeCare FD (Senior Citizens)
6,3,0,88,87,99,60,30,35,65,Student,Credit,Two-Wheeler Loan
2,7,21,2,22,86,86,39,9,38,Import/Export,SIP,SBI Debt SIP
1,6,14,72,36,6,57,83,4,9,Defence,FD,Education Loan
6,8,40,26,0,6,16,98,23,11,Medical Prof,FD,SBI Annuity Deposit
7,5,32,1,45,28,58,96,5,60,Contractor,RD,Education Loan
5,5,40,88,22,64,81,78,16,62,Housewife,SIP,SBI Debt SIP
5,8,4,80,33,61,38,23,2,2,Stock Broker,Loan,Pension Loan
8,3,92,86,1,38,28,13,31,67,Legal Prof,SIP,SBI Credit Card
6,4,76,63,0,88,38,8,27,27,Central Govt,Loan,SBI Equity SIP
7,5,9,74,79,66,5,40,47,78,Agriculture,Credit,Credit Card Loan
4,8,80,80,6,14,27,91,12,14,Import/Export,SIP,Car Loan
2,4,93,42,4,9,83,29,15,50,Contractor,FD,SBI Term Deposit
6,8,0,53,14,85,35,57,46,45,Student,SIP,SBI Equity SIP
2,1,22,65,42,37,54,66,1,70,Trade Sector,Credit,SBI Hybrid SIP
5,1,86,33,12,49,15,81,30,61,Defence,Loan,SBI Multi Option Deposit (MODS)
4,2,69,95,7,50,44,38,33,83,Housewife,FD,SBI Small Cap SIP
4,7,57,24,11,79,0,82,49,67,Contractor,FD,SBI Multi Option Deposit (MODS)
7,8,38,13,8,54,44,14,51,36,Agriculture,FD,SBI Special FD (200 Days)
5,4,95,18,4,92,56,94,40,5,Service Sector,RD,SBI Overdraft
2,3,54,45,14,57,46,70,20,80,State Govt,SIP,Car Loan
6,3,61,57,13,29,34,6,27,38,Retired,Credit,Car Loan
2,7,13,39,62,28,35,21,23,71,Housewife,Loan,Gold Loan
4,8,74,29,17,14,41,54,48,52,Defence,Loan,Overdraft Facility
3,2,99,68,0,85,26,2,72,29,Import/Export,RD,Loan Against Property
4,8,61,63,24,29,31,95,38,30,Contractor,Loan,SBI Recurring Deposit
1,4,94,76,1,9,38,81,45,31,Political/Social Worker,SIP,SBI Credit Card
8,8,7,0,79,61,74,37,5,91,Retired,FD,SBI Multi Option Deposit (MODS)
1,8,39,73,55,73,62,88,23,56,Service Sector,RD,SBI Term Deposit
5,7,1,94,92,80,67,26,28,14,CA/Finance,SIP,SBI Recurring Deposit
5,4,45,35,44,51,25,50,50,2,Migrant Labour,Loan,Tractor Loan
1,3,56,13,16,58,49,2,33,97,State Govt,Loan,SBI Overdraft
2,2,93,43,3,24,20,61,24,25,Migrant Labour,Credit,SBI Annuity Deposit
5,4,25,28,19,30,8,19,86,86,Political/Social Worker,Credit,SBI Overdraft
5,4,70,14,21,93,73,12,22,3,PSU,Loan,Home Loan
2,4,16,74,27,56,13,96,33,54,PSU,Credit,SBI Overdraft
5,5,67,91,11,66,25,73,60,51,Private Sector,Credit,SBI Recurring Deposit
5,5,0,83,5,62,10,84,33,84,Contractor,Credit,SBI Credit Card
3,4,81,59,12,82,62,64,26,37,Import/Export,SIP,Personal Loan
8,1,85,47,14,31,49,67,38,44,Student,SIP,SBI Equity SIP
1,1,72,53,0,46,79,65,17,8,Trade Sector,Credit,SBI Hybrid SIP
6,3,42,24,50,79,71,16,6,17,Import/Export,SIP,SBI Multi Option Deposit (MODS)
3,5,14,82,41,7,33,4,47,47,CA/Finance,SIP,SBI Hybrid SIP
6,5,19,19,56,59,23,63,32,29,Migrant Labour,Credit,SBI Multi Option Deposit (MODS)
1,4,18,96,70,43,58,10,2,1,Medical Prof,Credit,Education Loan
1,1,86,3,13,37,87,28,12,18,Service Sector,Credit,SBI Bluechip Fund SIP
4,3,69,43,26,47,22,7,45,54,Housewife,Credit,Agriculture Loan
1,5,47,90,35,35,60,54,37,84,Housewife,Credit,SBI Tax Savings FD
2,8,21,29,38,17,86,73,9,38,Trade Sector,FD,Business Loan
7,5,45,7,17,73,12,16,24,78,State Govt,Loan,SBI Annuity Deposit
7,8,83,93,14,62,98,94,1,31,Journalist,FD,SBI Special FD (200 Days)
7,2,23,69,39,61,13,60,74,0,Import/Export,FD,SBI EMI Card
8,5,31,87,55,22,23,97,3,20,State Govt,FD,SBI Special FD (200 Days)
8,3,57,22,39,58,43,96,24,14,Engineer/Architect,FD,SBI Multi Option Deposit (MODS)
4,2,43,6,3,45,76,86,3,32,Migrant Labour,FD,SBI Multi Option Deposit (MODS)
4,1,33,8,63,16,24,59,54,12,Stock Broker,SIP,Education Loan
3,4,25,12,74,43,23,18,9,50,Trade Sector,SIP,SBI Special FD (200 Days)
6,7,29,74,45,47,75,57,20,17,Private Sector,RD,Gold Loan
8,7,86,86,1,52,60,61,37,3,Pawn Shop,Credit,Credit Card Loan
7,1,55,17,7,34,54,80,23,31,Medical Prof,Credit,SBI EMI Card
3,8,99,30,0,73,89,85,9,75,Private Sector,RD,Personal Loan
5,5,19,13,39,43,58,81,12,47,Housewife,RD,SBI Annuity Deposit
6,3,33,9,2,51,67,95,4,30,Student,FD,SBI Multi Option Deposit (MODS)
3,5,26,87,32,43,67,87,20,48,Private Sector,FD,SBI Multi Option Deposit (MODS)
1,2,94,10,0,16,3,69,50,72,Central Govt,SIP,SBI Overdraft
5,1,71,84,19,60,26,86,7,69,Agriculture,Credit,Pension Loan
7,4,4,97,10,12,14,5,63,55,Defence,Credit,SBI EMI Card
2,6,24,66,27,4,83,14,6,89,Stock Broker,Loan,Pension Loan
7,2,68,0,30,21,76,78,10,25,Central Govt,Loan,Personal Loan
3,1,44,39,1,62,13,15,37,92,Agriculture,FD,SBI Special FD (400 Days)
3,6,95,30,2,32,85,0,2,43,Central Govt,Credit,SBI Magnum SIP
6,8,11,6,66,33,29,38,65,95,Pawn Shop,RD,SBI Term Deposit
3,6,99,2,0,73,80,39,15,17,Jeweller,FD,SBI Special FD (200 Days)
1,6,45,99,10,25,59,37,32,21,Agriculture,Credit,Car Loan
2,3,50,11,48,2,17,6,42,96,Migrant Labour,FD,Tractor Loan
7,6,38,11,50,87,8,72,22,76,Journalist,FD,SBI Multi Option Deposit (MODS)
7,1,49,91,23,82,1,20,98,73,Agriculture,Credit,Pension Loan
6,6,34,24,52,10,18,16,68,35,Journalist,Credit,SBI WeCare FD (Senior Citizens)
4,2,13,59,7,33,65,61,14,0,State Govt,SIP,SBI Debt SIP
1,8,53,38,46,29,99,21,0,49,Housewife,FD,SBI Bluechip Fund SIP
8,3,13,20,45,61,74,18,5,87,Contractor,RD,SBI Special FD (200 Days)
6,3,82,56,1,9,21,7,67,96,Private Sector,RD,SBI Magnum SIP
6,4,44,8,0,4,97,11,2,81,Contractor,FD,SBI WeCare FD (Senior Citizens)
5,1,68,16,24,72,63,69,7,20,PSU,RD,Agriculture Loan
1,4,65,85,6,9,46,6,17,2,Legal Prof,SIP,SBI Term Deposit
5,4,15,37,79,49,4,55,88,62,Import/Export,Loan,SBI Focused Equity SIP
3,5,89,7,6,3,54,85,0,52,Pawn Shop,Credit,SBI Multi Option Deposit (MODS)
3,3,28,22,32,4,51,56,40,5,State Govt,Loan,Tractor Loan
4,4,63,44,36,89,30,39,36,96,Service Sector,Credit,SBI Credit Card
5,8,86,62,12,95,8,30,1,6,Engineer/Architect,FD,Car Loan
3,3,72,0,9,93,60,37,25,61,Political/Social Worker,Loan,Loan Against Property
2,1,66,39,16,80,7,61,59,40,Political/Social Worker,Credit,SBI Small Cap SIP
3,4,53,59,24,67,92,45,2,37,Student,Loan,Home Loan
8,4,6,24,15,3,13,55,79,5,Contractor,Credit,SBI EMI Card
7,1,62,20,2,29,64,32,0,47,Journalist,SIP,SBI Hybrid SIP
7,4,80,51,14,92,73,64,2,64,Pawn Shop,FD,SBI Tax Savings FD
2,1,21,20,25,94,89,5,8,13,Service Sector,SIP,SBI Magnum SIP
8,1,86,34,2,35,1,38,14,3,Jeweller,FD,Loan Against Property
1,6,98,95,0,66,73,14,25,16,Stock Broker,FD,SBI Special FD (400 Days)
3,4,68,43,23,97,90,83,5,63,Political/Social Worker,SIP,Gold Loan
5,2,21,29,6,15,21,4,45,66,Service Sector,Credit,SBI Credit Card
2,5,78,94,17,20,24,21,7,71,Agriculture,SIP,SBI Flexi RD Scheme
6,3,81,81,0,53,51,96,46,6,Agriculture,Loan,SBI Recurring Deposit
8,7,38,68,18,86,30,64,23,32,Central Govt,FD,SBI Bluechip Fund SIP
1,8,40,10,11,96,72,53,17,56,Private Sector,FD,Business Loan
7,4,82,7,5,89,31,74,9,19,Central Govt,Loan,Agriculture Loan
4,7,87,20,0,4,62,84,26,67,Central Govt,Loan,SBI Recurring Deposit
2,6,34,38,20,33,79,5,14,65,Housewife,Loan,SBI Credit Card
1,1,19,89,47,50,71,48,0,24,Defence,SIP,Pension Loan
7,8,80,47,4,60,13,34,33,64,Pawn Shop,FD,SBI WeCare FD (Senior Citizens)
4,7,41,68,4,51,18,82,38,46,Journalist,FD,SBI Multi Option Deposit (MODS)
6,7,81,42,16,33,50,48,47,17,Pawn Shop,Loan,SBI Overdraft
5,5,92,32,7,9,58,96,37,86,Political/Social Worker,FD,SBI Equity SIP
4,5,88,43,3,61,46,65,14,75,Contractor,Credit,SBI Multi Option Deposit (MODS)
7,8,89,49,0,19,11,35,55,78,Migrant Labour,SIP,SBI Overdraft
2,8,35,92,14,90,61,55,2,30,Housewife,FD,SBI Annuity Deposit
6,7,25,35,0,75,82,86,6,24,Industrialist,SIP,SBI Hybrid SIP
5,5,40,40,18,14,3,63,64,71,Retired,FD,Business Loan
6,2,1,66,35,29,19,65,15,98,CA/Finance,Loan,Pension Loan
5,5,55,97,19,55,61,19,33,49,Central Govt,SIP,SBI Small Cap SIP
5,6,42,75,42,68,61,1,38,53,Legal Prof,RD,SBI Overdraft
6,5,41,52,23,62,29,77,36,22,Journalist,FD,SBI Equity SIP
7,7,96,82,1,4,60,94,13,17,Defence,Credit,SBI Tax Savings FD
6,7,67,73,4,90,40,29,44,76,Migrant Labour,Credit,Tractor Loan
5,8,78,54,19,58,83,31,12,5,Import/Export,FD,Gold Loan
5,5,24,71,12,59,87,20,3,60,Private Sector,SIP,SBI Magnum SIP
2,6,10,93,36,82,10,37,26,60,Contractor,Loan,Gold Loan
1,3,27,57,13,53,51,14,29,37,PSU,SIP,SBI Focused Equity SIP
1,3,7,94,71,28,18,74,31,44,Engineer/Architect,RD,SBI Bluechip Fund SIP
3,2,50,95,36,51,8,2,91,95,Student,RD,SBI Bluechip Fund SIP
5,3,50,25,41,17,30,56,62,6,Service Sector,SIP,Personal Loan
8,3,3,50,3,16,41,96,8,19,PSU,SIP,SBI Focused Equity SIP
4,3,2,88,87,9,93,39,5,64,Jeweller,Loan,SBI Credit Card
4,6,19,35,55,72,98,0,1,68,Migrant Labour,Credit,Loan Against Property
3,8,95,42,4,36,83,73,3,94,Contractor,Credit,SBI Bluechip Fund SIP
7,5,72,67,9,7,41,60,1,13,Migrant Labour,Credit,SBI Bluechip Fund SIP
2,2,63,52,25,32,31,94,56,17,Import/Export,SIP,SBI Special FD (400 Days)
1,5,51,95,33,28,66,83,7,69,Contractor,RD,SBI Multi Option Deposit (MODS)
5,2,80,3,1,1,37,34,56,69,Political/Social Worker,Credit,SBI Equity SIP
2,6,47,5,14,80,70,21,14,31,PSU,RD,SBI Term Deposit
7,4,85,99,11,72,8,61,33,44,Pawn Shop,FD,SBI Credit Card
3,3,74,73,9,17,7,42,32,49,CA/Finance,RD,SBI Magnum SIP
4,6,46,78,13,30,6,80,73,50,Industrialist,Loan,Two-Wheeler Loan
7,8,24,3,60,56,40,2,4,66,Pawn Shop,FD,SBI Multi Option Deposit (MODS)
4,2,87,86,10,97,23,65,31,59,Central Govt,Credit,Car Loan
5,3,6,48,5,16,32,93,57,71,Political/Social Worker,SIP,SBI Focused Equity SIP
7,6,0,96,78,51,94,68,0,4,Defence,Loan,SBI Equity SIP
4,6,97,50,0,36,28,68,35,52,Service Sector,SIP,SBI Special FD (200 Days)
8,3,51,97,0,42,6,16,16,58,Pawn Shop,Credit,SBI Debt SIP
6,6,92,68,1,29,49,84,41,89,Jeweller,Credit,SBI Special FD (200 Days)
7,4,20,50,0,62,14,58,16,82,Student,RD,SBI Flexi RD Scheme
2,6,48,96,5,76,68,0,6,12,Import/Export,RD,Business Loan
4,3,16,57,44,55,77,86,4,87,State Govt,RD,SBI Debt SIP
3,6,44,80,49,60,86,66,3,35,Student,SIP,SBI Multi Option Deposit (MODS)
6,3,95,40,0,14,83,57,11,85,Contractor,SIP,Loan Against Property
4,7,43,94,44,43,82,66,12,27,Agriculture,FD,SBI Magnum SIP
3,5,48,67,14,14,82,47,8,71,Contractor,Credit,SBI Recurring Deposit
2,4,29,2,6,62,91,94,0,14,CA/Finance,SIP,SBI Hybrid SIP
6,3,17,90,21,39,60,7,25,20,Engineer/Architect,SIP,SBI Hybrid SIP
5,3,26,96,26,32,72,91,24,43,Agriculture,Credit,Personal Loan
4,4,14,71,33,97,79,78,3,27,Engineer/Architect,Loan,Home Loan
1,2,8,61,30,18,65,73,23,54,Contractor,SIP,SBI Focused Equity SIP
8,4,49,51,0,9,2,36,78,14,Retired,FD,SBI Special FD (400 Days)
7,2,8,24,43,55,38,63,4,71,Political/Social Worker,SIP,SBI Small Cap SIP
8,4,9,98,9,90,72,94,25,18,Migrant Labour,SIP,SBI Focused Equity SIP
7,5,44,52,53,65,4,22,77,43,Legal Prof,RD,SBI Bluechip Fund SIP
4,7,23,94,16,27,88,63,6,27,Housewife,SIP,SBI Hybrid SIP
5,6,41,46,7,75,91,43,8,14,Pawn Shop,FD,SBI WeCare FD (Senior Citizens)
2,4,76,69,7,95,76,6,3,89,Import/Export,Loan,Credit Card Loan
7,4,78,15,15,95,52,17,39,19,Industrialist,FD,SBI Hybrid SIP
7,6,45,21,38,92,48,91,0,84,PSU,Loan,SBI Equity SIP
1,4,29,86,30,53,33,14,19,37,PSU,SIP,Home Loan
1,1,51,90,43,13,34,32,13,51,Legal Prof,FD,SBI Special FD (400 Days)
8,2,35,79,57,66,31,73,8,61,Defence,RD,Overdraft Facility
1,2,7,52,72,66,14,29,31,12,CA/Finance,Loan,SBI Small Cap SIP
6,3,47,63,21,36,62,73,19,17,Trade Sector,FD,Overdraft Facility
6,3,81,54,1,73,86,37,0,8,Pawn Shop,Loan,Car Loan
8,5,17,86,62,74,32,8,3,63,Housewife,Credit,Two-Wheeler Loan
7,1,88,45,1,52,37,60,41,66,Legal Prof,FD,SBI Special FD (400 Days)
4,4,59,40,38,47,35,62,20,76,Legal Prof,Loan,SBI Focused Equity SIP
5,2,78,27,5,7,42,20,30,80,Legal Prof,FD,SBI Credit Card
2,4,33,71,1,51,66,75,29,18,Legal Prof,FD,SBI Multi Option Deposit (MODS)
6,7,47,92,13,53,2,48,49,22,Medical Prof,SIP,Tractor Loan
3,4,44,39,55,23,1,66,44,67,PSU,SIP,SBI Debt SIP
5,7,31,62,60,34,41,70,0,44,Engineer/Architect,Loan,Personal Loan
6,5,23,12,64,99,47,13,9,99,PSU,RD,SBI Hybrid SIP
7,7,98,46,1,80,78,17,8,78,Contractor,SIP,SBI Hybrid SIP
5,6,93,30,1,96,1,69,68,86,Service Sector,RD,Tractor Loan
8,7,64,26,5,78,70,97,15,86,Import/Export,Loan,SBI Bluechip Fund SIP
7,3,43,9,36,53,16,5,37,5,Defence,SIP,SBI Small Cap SIP
8,6,6,57,50,30,57,91,25,12,Political/Social Worker,RD,Tractor Loan
3,5,56,34,28,18,55,76,4,68,Political/Social Worker,Loan,SBI Multi Option Deposit (MODS)
8,2,4,48,92,2,53,37,21,13,Import/Export,RD,Overdraft Facility
1,6,43,15,5,14,64,80,24,2,Legal Prof,FD,SBI WeCare FD (Senior Citizens)
1,7,37,89,62,18,0,29,70,54,Engineer/Architect,Credit,SBI Special FD (200 Days)
2,3,40,5,47,33,11,40,9,82,Migrant Labour,FD,SBI Tax Savings FD
1,8,71,72,9,27,9,18,9,96,Student,RD,Credit Card Loan
4,2,83,41,5,65,52,8,33,90,Agriculture,FD,Agriculture Loan
8,1,28,72,49,60,75,45,16,45,Engineer/Architect,FD,Agriculture Loan
5,3,53,7,15,71,80,95,6,81,Trade Sector,SIP,SBI Tax Savings FD
4,7,49,18,30,50,8,97,7,56,Industrialist,RD,Car Loan
3,3,11,72,45,46,29,62,31,25,Contractor,RD,Credit Card Loan
2,4,28,4,37,19,76,13,19,7,Import/Export,Credit,SBI Bluechip Fund SIP
7,3,85,2,1,89,50,57,39,71,State Govt,FD,SBI Equity SIP
2,1,37,3,21,93,60,92,3,42,Political/Social Worker,SIP,SBI Equity SIP
5,4,84,1,3,8,64,44,25,17,Student,Loan,Credit Card Loan
1,3,41,40,34,98,37,85,2,71,Defence,Credit,Business Loan
3,8,16,76,64,55,92,40,1,41,Contractor,Credit,Home Loan
3,1,39,43,40,57,8,12,7,18,Industrialist,Loan,SBI Annuity Deposit
4,2,29,51,65,80,76,14,20,19,Medical Prof,FD,SBI Bluechip Fund SIP
3,8,90,49,9,1,44,67,27,76,Retired,Credit,SBI Annuity Deposit
6,2,47,35,44,1,92,48,1,7,Service Sector,Loan,SBI Multi Option Deposit (MODS)
7,2,92,63,2,33,36,63,48,73,Industrialist,Loan,SBI Magnum SIP
5,4,41,33,26,94,63,70,1,63,CA/Finance,SIP,Tractor Loan
4,3,73,38,16,40,49,11,39,78,Migrant Labour,SIP,Education Loan
4,7,97,37,2,43,80,96,6,84,State Govt,SIP,Gold Loan
1,1,5,89,36,40,1,46,68,12,Student,Loan,Gold Loan
2,3,58,1,26,89,9,45,12,56,Defence,Loan,SBI Tax Savings FD
5,8,84,90,5,39,96,29,0,61,Student,Credit,Car Loan
2,2,26,7,69,84,61,77,31,14,Private Sector,Credit,Two-Wheeler Loan
8,7,31,10,17,31,69,96,22,39,Trade Sector,FD,SBI Annuity Deposit
3,5,77,17,20,97,23,15,16,3,PSU,FD,SBI Credit Card
8,6,76,64,6,24,73,35,23,81,Jeweller,FD,Car Loan
6,8,82,66,17,47,69,43,13,93,CA/Finance,RD,SBI Debt SIP
8,3,70,6,13,8,49,88,40,48,Migrant Labour,FD,Agriculture Loan
5,7,65,28,3,65,31,26,65,59,PSU,SIP,Loan Against Property
2,4,90,93,3,88,20,26,22,97,Journalist,RD,Pension Loan
2,4,94,47,2,9,73,38,5,99,Defence,RD,SBI Flexi RD Scheme
4,3,61,38,12,29,24,80,41,17,Pawn Shop,FD,SBI Focused Equity SIP
1,6,79,29,1,57,0,36,56,47,Retired,Loan,SBI Special FD (400 Days)
6,3,55,96,36,78,16,26,81,54,Central Govt,SIP,Tractor Loan
3,4,73,74,19,70,24,81,25,6,Political/Social Worker,SIP,Loan Against Property
3,4,50,15,26,86,50,75,10,39,CA/Finance,FD,SBI Credit Card
6,8,23,33,1,40,64,74,19,90,Housewife,SIP,SBI Focused Equity SIP
4,3,29,5,64,74,40,3,19,92,Pawn Shop,RD,SBI Overdraft
6,1,7,14,80,30,82,2,0,65,Service Sector,Loan,SBI Magnum SIP
8,8,58,32,20,83,11,20,11,59,Import/Export,Loan,SBI Multi Option Deposit (MODS)
3,2,85,71,9,61,70,87,6,23,Defence,SIP,SBI Tax Savings FD
8,6,2,46,53,87,20,83,47,62,Migrant Labour,FD,Overdraft Facility
2,5,10,47,28,14,78,33,5,59,Private Sector,SIP,SBI Debt SIP
4,8,97,95,0,36,77,48,15,47,Journalist,SIP,SBI Bluechip Fund SIP
5,4,22,6,26,48,94,67,2,77,CA/Finance,SIP,SBI Debt SIP
3,4,25,7,22,52,72,70,4,6,Central Govt,SIP,SBI Hybrid SIP
6,1,43,57,21,27,45,8,25,25,Retired,RD,SBI Multi Option Deposit (MODS)
8,2,38,49,17,22,12,28,4,71,Journalist,Loan,Personal Loan
4,1,77,30,9,69,97,4,2,30,Legal Prof,SIP,Overdraft Facility
5,4,10,39,42,62,69,78,22,86,State Govt,Loan,SBI Tax Savings FD
8,6,58,58,29,63,8,51,64,17,CA/Finance,FD,SBI Flexi RD Scheme
2,1,47,99,44,84,53,95,35,30,Student,Loan,SBI Bluechip Fund SIP
1,5,50,41,34,44,80,74,13,46,Medical Prof,FD,Overdraft Facility
2,7,12,37,70,51,95,63,1,12,Private Sector,SIP,SBI Flexi RD Scheme
3,2,97,41,2,94,0,59,42,0,Central Govt,FD,Business Loan
7,5,86,88,4,5,97,68,0,39,State Govt,Credit,Two-Wheeler Loan
7,5,3,64,49,26,2,76,11,16,Import/Export,SIP,SBI Special FD (400 Days)
1,2,98,17,1,49,23,47,53,32,PSU,Loan,Gold Loan
3,1,58,24,9,83,94,65,3,14,Student,Credit,SBI WeCare FD (Senior Citizens)
4,4,13,53,65,78,33,8,24,30,Stock Broker,Credit,SBI Equity SIP
8,3,41,65,7,15,47,93,2,15,Industrialist,FD,SBI Special FD (400 Days)
2,4,9,31,50,29,17,8,46,35,Defence,SIP,SBI Equity SIP
8,7,65,99,34,30,27,86,54,59,Political/Social Worker,Loan,SBI Term Deposit
1,1,22,87,26,2,88,75,2,98,Contractor,SIP,SBI Equity SIP
2,8,82,39,6,84,68,50,25,56,Trade Sector,Credit,SBI Hybrid SIP
3,2,54,32,40,39,96,33,3,61,Student,RD,SBI Special FD (400 Days)
3,5,9,57,12,58,92,58,4,76,Political/Social Worker,SIP,SBI Magnum SIP
5,1,37,10,62,57,52,85,0,98,Stock Broker,RD,Two-Wheeler Loan
6,4,7,16,4,37,53,73,43,83,Agriculture,SIP,SBI Focused Equity SIP
2,5,61,97,26,79,24,2,35,86,Engineer/Architect,FD,SBI Flexi RD Scheme
2,7,43,87,28,28,58,89,4,66,Migrant Labour,Loan,SBI Flexi RD Scheme
3,8,82,53,0,44,61,98,26,68,Central Govt,SIP,SBI Multi Option Deposit (MODS)
6,5,52,10,47,33,30,9,21,95,Student,Credit,Two-Wheeler Loan
4,7,13,38,86,65,15,40,24,97,Industrialist,RD,SBI Flexi RD Scheme
1,4,81,90,12,97,58,0,36,12,CA/Finance,Credit,SBI WeCare FD (Senior Citizens)
6,5,71,79,17,30,70,26,19,59,Trade Sector,Credit,SBI Recurring Deposit
5,8,40,84,18,88,84,22,8,74,State Govt,SIP,SBI Small Cap SIP
2,8,11,14,31,50,32,90,67,68,Housewife,Loan,Home Loan
4,3,33,25,62,85,67,60,17,77,Stock Broker,FD,SBI Special FD (400 Days)
8,5,71,6,1,82,86,46,8,7,CA/Finance,Loan,SBI Overdraft
5,3,91,99,5,66,50,67,14,4,Student,Loan,Credit Card Loan
8,4,58,22,2,39,90,77,1,86,Stock Broker,Credit,SBI Small Cap SIP
4,3,20,41,0,8,37,77,40,10,Retired,SIP,SBI Magnum SIP
8,2,45,60,37,82,68,27,4,25,Central Govt,FD,SBI Hybrid SIP
6,1,91,82,0,41,2,57,68,56,PSU,Loan,SBI Credit Card
5,3,33,24,24,53,41,66,28,14,Medical Prof,Credit,Loan Against Property
4,1,36,44,61,96,7,6,36,21,Agriculture,Credit,SBI EMI Card
1,1,49,6,6,39,49,58,18,87,Political/Social Worker,Loan,SBI Hybrid SIP
8,1,95,78,4,20,43,49,1,80,Stock Broker,SIP,Pension Loan
3,4,17,87,29,46,64,93,23,89,Journalist,SIP,SBI Bluechip Fund SIP
6,5,67,91,16,87,96,49,0,39,Import/Export,RD,Overdraft Facility
4,5,64,77,8,12,91,67,1,75,Service Sector,FD,Car Loan
4,6,4,18,2,13,9,42,42,27,Agriculture,Credit,SBI Overdraft
6,1,82,60,12,37,73,32,10,42,Stock Broker,RD,Gold Loan
7,7,22,89,35,88,39,14,38,36,Defence,Loan,SBI Debt SIP
1,6,16,93,71,85,97,93,1,79,Medical Prof,SIP,Car Loan
6,4,5,74,25,37,90,82,8,42,Retired,SIP,SBI Magnum SIP
2,8,55,86,30,3,82,62,8,72,Migrant Labour,RD,Home Loan
2,7,62,17,20,80,33,50,16,64,Journalist,Loan,Credit Card Loan
5,8,68,30,23,54,75,72,3,89,Political/Social Worker,Credit,SBI Small Cap SIP
6,5,6,42,56,39,54,9,3,93,Political/Social Worker,SIP,Car Loan
8,7,19,48,48,89,95,35,2,42,Defence,RD,Car Loan
4,1,77,87,0,14,44,16,44,11,Defence,FD,SBI Term Deposit
4,2,50,27,12,43,56,45,17,2,Defence,SIP,SBI Small Cap SIP
3,5,80,77,16,58,54,56,34,82,Political/Social Worker,FD,SBI Focused Equity SIP
1,1,26,26,20,36,40,53,30,8,Stock Broker,SIP,SBI Debt SIP
8,4,58,38,39,6,53,14,44,75,Contractor,SIP,Pension Loan
3,8,67,70,12,9,18,43,61,98,Trade Sector,Loan,SBI Overdraft
8,4,39,9,11,65,69,70,27,86,Journalist,FD,Education Loan
1,8,86,76,10,50,6,31,90,25,Journalist,Credit,SBI Overdraft
4,7,32,67,13,38,63,40,16,44,State Govt,FD,SBI Tax Savings FD
2,8,80,62,12,98,70,53,8,46,Legal Prof,FD,Personal Loan
6,8,73,48,0,49,68,52,2,90,Journalist,FD,SBI Annuity Deposit
2,7,44,71,15,53,71,96,10,30,Import/Export,Loan,Gold Loan
1,8,93,83,6,18,10,89,61,73,Retired,Credit,SBI Overdraft
4,6,97,47,0,76,35,53,16,94,Student,FD,SBI Equity SIP
4,7,78,54,2,37,5,7,77,89,State Govt,SIP,SBI Hybrid SIP
8,3,55,87,32,9,99,49,0,33,Journalist,Credit,Education Loan
8,7,70,82,14,39,85,34,10,68,Retired,SIP,Two-Wheeler Loan
5,3,62,35,8,53,48,31,47,98,Journalist,SIP,SBI Equity SIP
7,8,95,57,2,31,37,50,29,10,Private Sector,SIP,Gold Loan
1,6,18,4,54,41,39,47,6,6,Engineer/Architect,Loan,SBI Multi Option Deposit (MODS)
6,1,85,31,7,47,50,70,19,19,PSU,Credit,Car Loan
4,8,76,60,19,75,38,64,3,61,Service Sector,FD,Loan Against Property
4,2,42,38,17,27,39,62,24,63,Jeweller,Loan,SBI Special FD (200 Days)
5,7,79,44,20,89,50,9,47,6,Student,Loan,SBI Term Deposit
7,5,45,60,25,91,84,50,6,37,Contractor,Credit,Agriculture Loan
8,2,38,77,11,29,38,82,50,30,Stock Broker,FD,SBI Multi Option Deposit (MODS)
2,3,99,66,0,79,62,55,36,18,Import/Export,Loan,SBI Equity SIP
1,6,46,65,30,4,11,19,84,81,Agriculture,FD,Pension Loan
7,6,90,46,4,21,4,56,28,82,Retired,FD,SBI Credit Card
6,4,33,14,44,36,49,59,1,95,PSU,Loan,Home Loan
8,2,51,40,22,56,98,24,0,36,Legal Prof,Credit,SBI Term Deposit
4,8,97,68,2,4,90,25,8,18,Industrialist,SIP,SBI Annuity Deposit
8,8,17,0,55,2,20,24,30,7,Trade Sector,RD,SBI Multi Option Deposit (MODS)
3,7,48,51,10,65,40,91,49,96,Migrant Labour,RD,Agriculture Loan
5,8,84,10,5,43,36,52,59,76,Housewife,RD,Tractor Loan
4,6,10,16,84,47,84,62,6,63,Jeweller,RD,Tractor Loan
1,2,76,44,4,46,29,13,40,47,Migrant Labour,FD,SBI Annuity Deposit
3,5,45,66,5,3,7,0,23,33,Defence,SIP,Credit Card Loan
2,2,47,23,22,84,5,57,87,63,Pawn Shop,FD,SBI WeCare FD (Senior Citizens)
4,3,88,59,5,67,64,37,15,91,Trade Sector,Loan,Tractor Loan
3,2,76,10,21,85,61,16,13,50,Retired,FD,SBI Small Cap SIP
5,6,56,91,3,10,10,78,73,7,Retired,FD,SBI Magnum SIP
5,1,29,94,56,16,79,30,8,63,Political/Social Worker,FD,SBI Term Deposit
3,2,59,71,26,79,11,28,12,34,Pawn Shop,Credit,SBI Recurring Deposit
5,4,60,58,1,39,32,31,61,37,Journalist,Credit,SBI Equity SIP
6,4,38,23,22,57,91,33,0,50,Import/Export,FD,SBI Debt SIP
8,5,6,29,89,30,12,31,79,15,Private Sector,SIP,Agriculture Loan
5,5,15,14,42,43,83,8,11,64,Medical Prof,SIP,SBI Special FD (200 Days)
5,7,73,82,15,30,32,17,5,27,Industrialist,Credit,Personal Loan
7,2,79,51,12,35,57,38,1,86,Retired,RD,SBI Focused Equity SIP
2,1,87,70,9,22,13,21,77,59,Jeweller,RD,SBI Bluechip Fund SIP
2,7,18,66,61,62,70,71,11,77,Journalist,SIP,Business Loan
7,2,95,13,1,72,75,68,9,64,Medical Prof,Loan,SBI EMI Card
4,1,25,61,43,44,66,71,5,92,Jeweller,FD,SBI Bluechip Fund SIP
6,5,80,4,10,62,97,47,2,97,CA/Finance,Loan,Gold Loan
8,5,45,66,24,93,22,31,33,28,Housewife,FD,SBI Small Cap SIP
7,7,68,81,7,48,95,20,1,9,Medical Prof,SIP,SBI Magnum SIP
8,7,54,29,18,55,63,43,8,58,Student,SIP,Loan Against Property
8,6,89,46,8,16,22,53,76,90,CA/Finance,Credit,SBI Special FD (400 Days)
7,3,77,65,15,51,94,72,4,73,Import/Export,SIP,SBI Term Deposit
1,6,16,76,58,81,51,36,3,96,Central Govt,RD,Home Loan
1,4,76,68,9,58,80,76,10,59,Stock Broker,SIP,SBI Hybrid SIP
6,3,67,6,20,15,42,57,8,86,Agriculture,Loan,Gold Loan
6,3,58,96,27,9,17,36,76,95,State Govt,SIP,SBI Debt SIP
6,3,86,12,1,38,59,27,39,39,Journalist,FD,SBI Special FD (400 Days)
8,4,91,15,8,52,59,48,11,35,Defence,SIP,SBI Focused Equity SIP
8,8,72,97,4,1,80,6,16,99,Stock Broker,SIP,SBI EMI Card
6,3,58,78,1,16,2,6,55,4,PSU,Loan,SBI Debt SIP
5,5,66,21,20,53,40,16,7,77,CA/Finance,SIP,SBI Recurring Deposit
1,3,21,9,47,17,52,79,28,48,Service Sector,RD,SBI Hybrid SIP
4,7,80,82,6,28,32,19,39,73,Service Sector,Loan,SBI Bluechip Fund SIP
1,1,3,25,3,78,8,91,14,70,Student,RD,SBI Flexi RD Scheme
3,4,77,96,12,95,55,29,43,15,Migrant Labour,FD,Home Loan
2,5,11,85,59,99,59,42,28,54,Political/Social Worker,FD,Home Loan
8,1,29,28,70,22,70,83,17,14,Defence,Credit,SBI Multi Option Deposit (MODS)
8,4,87,7,5,86,36,67,6,20,Import/Export,FD,SBI Debt SIP
6,6,74,57,21,13,28,65,24,53,CA/Finance,RD,SBI EMI Card
2,6,20,27,52,3,82,14,15,63,Defence,SIP,SBI Flexi RD Scheme
1,1,68,35,25,93,38,86,12,20,Private Sector,Credit,Loan Against Property
8,7,94,49,2,11,75,14,13,82,Student,Loan,Gold Loan
5,6,66,20,32,83,42,16,57,92,Agriculture,FD,SBI Credit Card
2,2,12,22,37,85,24,53,61,62,Import/Export,Loan,Overdraft Facility
4,1,75,6,8,71,31,88,23,0,Legal Prof,SIP,Overdraft Facility
1,6,37,34,52,73,90,73,5,53,State Govt,SIP,SBI Debt SIP
5,8,99,61,0,42,99,77,0,31,Import/Export,RD,SBI Special FD (400 Days)
6,1,68,35,16,69,32,99,18,96,State Govt,RD,SBI Multi Option Deposit (MODS)
3,1,32,30,40,64,55,17,28,81,Agriculture,SIP,Agriculture Loan
1,7,93,68,3,8,31,60,9,10,Contractor,RD,Education Loan
2,7,7,18,48,1,23,10,32,98,State Govt,FD,SBI Overdraft
3,6,84,6,8,19,65,5,0,54,PSU,RD,SBI Credit Card
5,3,34,66,7,70,67,1,15,0,Medical Prof,FD,SBI Term Deposit
6,3,87,17,4,87,84,44,11,32,Trade Sector,Loan,SBI Multi Option Deposit (MODS)
1,1,67,95,27,43,86,54,4,9,Trade Sector,SIP,Home Loan
8,2,36,87,40,83,24,83,7,17,CA/Finance,SIP,Loan Against Property
3,2,17,5,55,25,22,60,34,87,Legal Prof,RD,SBI Flexi RD Scheme
4,8,63,78,6,44,85,25,10,22,Private Sector,FD,Car Loan
5,2,35,33,5,80,10,45,37,97,Agriculture,FD,SBI WeCare FD (Senior Citizens)
4,6,73,76,9,9,8,67,84,57,Private Sector,Loan,SBI Special FD (200 Days)
2,2,32,7,31,45,54,97,32,7,PSU,Credit,SBI Debt SIP
5,7,13,60,74,16,1,88,97,47,Jeweller,Loan,Gold Loan
4,6,25,78,36,41,69,75,8,40,Retired,Loan,SBI Multi Option Deposit (MODS)
1,7,30,76,61,79,7,44,29,17,Student,Credit,SBI Special FD (400 Days)
5,3,82,94,17,35,24,55,37,38,Defence,FD,SBI Hybrid SIP
2,8,4,44,86,91,35,6,24,57,CA/Finance,FD,SBI Annuity Deposit
7,7,0,29,62,10,2,56,20,88,Retired,Credit,Education Loan
7,6,63,30,3,28,49,35,38,76,Service Sector,Credit,SBI Special FD (400 Days)
3,1,92,52,2,13,10,79,25,9,Pawn Shop,SIP,Credit Card Loan
2,4,61,70,8,89,78,11,8,59,Pawn Shop,Credit,SBI Flexi RD Scheme
3,7,42,83,31,7,52,41,19,76,PSU,Credit,SBI Equity SIP
5,3,5,13,32,38,78,4,14,89,Central Govt,Loan,Overdraft Facility
7,4,98,76,1,96,52,52,22,45,CA/Finance,FD,SBI Magnum SIP
7,3,8,4,25,61,2,83,46,4,Retired,Credit,SBI EMI Card
1,4,85,41,10,19,27,85,18,78,Medical Prof,FD,SBI Small Cap SIP
8,6,27,54,49,72,94,20,3,57,Engineer/Architect,Credit,Overdraft Facility
3,3,57,63,0,86,20,55,61,0,State Govt,SIP,Personal Loan
3,2,35,68,28,28,51,90,45,24,Legal Prof,SIP,SBI Small Cap SIP
1,1,19,47,68,81,35,79,57,28,Private Sector,RD,SBI Tax Savings FD
6,3,80,32,3,77,67,74,24,24,Contractor,Loan,Education Loan
2,1,94,91,2,6,17,40,5,62,Defence,Loan,SBI Multi Option Deposit (MODS)
5,1,72,8,5,66,61,88,1,87,Agriculture,SIP,SBI Hybrid SIP
8,2,34,70,58,71,13,50,46,18,Industrialist,Loan,Credit Card Loan
6,6,43,22,23,73,95,78,0,22,Import/Export,Loan,SBI Recurring Deposit
6,1,2,69,13,68,80,28,1,98,Service Sector,SIP,SBI Focused Equity SIP
7,5,15,18,56,66,96,3,1,74,Legal Prof,SIP,SBI Flexi RD Scheme
1,7,8,90,74,75,5,47,48,20,CA/Finance,Loan,SBI Bluechip Fund SIP
5,5,73,12,17,26,46,73,51,95,Service Sector,RD,SBI Debt SIP
3,7,32,73,1,32,74,6,13,14,PSU,FD,SBI Annuity Deposit
8,6,6,78,0,29,73,7,20,87,Stock Broker,SIP,SBI Hybrid SIP
7,7,5,17,41,82,49,29,47,76,Defence,Loan,Education Loan
4,2,43,47,23,13,3,48,35,66,Pawn Shop,Credit,Pension Loan
5,1,80,50,15,55,15,56,27,51,Service Sector,SIP,Loan Against Property
4,5,40,66,33,73,58,65,28,26,CA/Finance,FD,Agriculture Loan
1,2,96,17,1,72,38,88,46,94,Stock Broker,Credit,Education Loan
4,4,64,15,22,89,56,94,12,64,Service Sector,Credit,SBI Special FD (200 Days)
5,2,43,97,30,50,73,69,21,91,Industrialist,RD,Tractor Loan
1,4,56,8,1,59,7,71,62,2,Retired,Credit,Pension Loan
7,1,61,44,7,52,94,94,4,80,Housewife,RD,Car Loan
6,6,92,48,7,22,17,10,11,72,Contractor,Loan,SBI Hybrid SIP
1,7,11,7,10,73,37,46,27,35,Migrant Labour,SIP,SBI Hybrid SIP
1,1,66,99,17,52,98,62,0,14,Service Sector,SIP,SBI Debt SIP
6,7,47,74,8,1,19,85,36,35,Trade Sector,FD,SBI Term Deposit
8,5,45,0,19,28,27,8,34,21,Medical Prof,FD,SBI Annuity Deposit
8,2,54,78,12,32,96,64,2,59,Industrialist,RD,SBI Overdraft
1,4,6,59,43,5,76,6,4,45,Agriculture,Loan,Loan Against Property
4,6,3,37,66,31,24,36,60,2,Contractor,Credit,Home Loan
8,1,7,77,82,90,8,41,27,40,Pawn Shop,Loan,Gold Loan
2,1,53,99,22,16,35,86,55,43,Import/Export,RD,SBI Term Deposit
1,7,40,88,1,0,18,26,79,1,Import/Export,FD,SBI Annuity Deposit
2,3,79,55,12,71,47,49,49,94,Contractor,Loan,SBI Magnum SIP
7,4,54,69,37,81,40,43,28,34,Student,Credit,Business Loan
2,2,56,49,27,98,35,36,9,19,Journalist,RD,SBI Focused Equity SIP
5,3,55,56,44,53,59,82,3,36,Industrialist,SIP,SBI Credit Card
4,4,82,63,9,27,0,40,22,59,Industrialist,Credit,SBI Multi Option Deposit (MODS)
7,3,88,52,1,75,5,98,82,64,Trade Sector,Loan,Agriculture Loan
7,7,81,3,13,92,72,93,4,55,Jeweller,Loan,Car Loan
6,8,17,83,24,30,47,79,51,65,Political/Social Worker,SIP,SBI Debt SIP
7,3,50,8,8,8,53,38,16,74,Contractor,Loan,SBI Term Deposit
2,2,23,5,58,69,30,38,10,47,Student,RD,Car Loan
8,8,55,80,34,66,37,75,56,87,Migrant Labour,FD,Overdraft Facility
8,3,23,54,17,20,26,33,53,96,CA/Finance,Credit,SBI EMI Card
8,6,2,18,23,85,0,7,5,68,Retired,RD,SBI Recurring Deposit
7,5,3,16,87,33,7,79,60,73,Medical Prof,RD,Credit Card Loan
6,6,24,46,56,83,62,2,6,45,Journalist,FD,Credit Card Loan
2,6,54,78,26,85,9,49,56,63,Service Sector,FD,Tractor Loan
7,6,73,30,3,28,14,84,13,8,Medical Prof,RD,SBI Focused Equity SIP
7,8,56,74,15,7,99,18,0,66,Engineer/Architect,Loan,SBI Credit Card
4,3,79,16,16,47,61,85,23,69,Journalist,RD,Two-Wheeler Loan
6,5,19,89,53,96,54,23,14,86,Private Sector,RD,SBI Focused Equity SIP
4,8,21,49,13,79,47,9,28,70,Trade Sector,SIP,SBI Hybrid SIP
7,8,70,80,26,86,79,1,2,94,Migrant Labour,SIP,SBI Focused Equity SIP
3,1,7,61,58,48,1,28,94,16,PSU,Loan,SBI Debt SIP
6,6,97,11,2,62,61,24,11,21,Jeweller,SIP,SBI Equity SIP
2,5,79,32,3,85,11,17,48,53,Legal Prof,RD,Credit Card Loan
3,8,24,59,33,53,87,4,5,35,Medical Prof,SIP,Gold Loan
7,6,99,64,0,84,3,36,73,66,Import/Export,RD,SBI Multi Option Deposit (MODS)
5,7,46,12,26,62,50,23,19,2,Import/Export,Loan,SBI Multi Option Deposit (MODS)
4,2,77,30,0,67,1,82,65,36,Import/Export,Credit,Two-Wheeler Loan
6,3,73,77,18,39,41,83,43,3,Migrant Labour,FD,Business Loan
5,2,13,61,69,26,77,89,11,11,Industrialist,FD,SBI Annuity Deposit
4,2,44,18,28,16,83,28,16,13,Service Sector,Credit,SBI Overdraft
2,3,32,82,28,45,36,13,38,4,Medical Prof,FD,SBI WeCare FD (Senior Citizens)
7,6,72,17,26,35,27,17,25,83,Political/Social Worker,Credit,SBI Flexi RD Scheme
5,1,81,32,6,49,64,83,27,35,CA/Finance,SIP,Car Loan
6,5,6,64,60,5,99,36,0,44,Agriculture,SIP,SBI Bluechip Fund SIP
6,5,95,54,0,24,9,44,34,95,Private Sector,SIP,Credit Card Loan
2,3,72,52,0,83,81,97,8,27,Engineer/Architect,Credit,Tractor Loan
3,2,31,37,37,53,69,76,17,76,Stock Broker,SIP,SBI Equity SIP
3,1,81,91,7,91,65,89,3,46,PSU,FD,Home Loan
6,5,43,1,22,90,96,85,3,97,Student,SIP,SBI Focused Equity SIP
8,6,22,5,41,36,36,5,7,31,Import/Export,Loan,Gold Loan
7,1,60,6,12,21,31,5,62,60,Engineer/Architect,RD,Pension Loan
7,5,93,95,5,22,41,0,41,66,Retired,RD,Education Loan
1,3,3,63,30,30,65,65,13,30,Agriculture,SIP,SBI Hybrid SIP
6,2,93,88,0,57,82,45,13,0,Housewife,Loan,SBI Overdraft
1,1,44,31,12,95,38,55,1,5,Medical Prof,RD,SBI WeCare FD (Senior Citizens)
2,6,37,23,42,53,2,38,4,87,Agriculture,SIP,SBI Annuity Deposit
1,2,99,69,0,91,6,50,17,92,CA/Finance,Credit,SBI Small Cap SIP
7,8,82,35,10,81,19,57,54,37,Legal Prof,FD,Personal Loan
8,1,84,90,12,9,59,11,24,91,State Govt,Loan,Agriculture Loan
2,2,49,98,40,97,56,30,1,22,Contractor,RD,SBI Credit Card
7,3,47,58,1,58,10,24,43,20,Pawn Shop,FD,SBI Multi Option Deposit (MODS)
1,4,58,28,4,17,32,5,62,52,Contractor,SIP,Credit Card Loan
7,7,10,56,25,26,91,61,2,19,Political/Social Worker,SIP,SBI Magnum SIP
4,5,29,29,39,31,64,90,28,50,Legal Prof,RD,Education Loan
2,7,35,61,55,80,35,24,60,63,PSU,Loan,SBI Multi Option Deposit (MODS)
7,6,51,0,3,89,19,9,53,22,PSU,Loan,SBI Bluechip Fund SIP
5,5,90,98,9,33,30,20,13,95,Medical Prof,FD,SBI Tax Savings FD
8,8,25,31,63,10,29,33,8,17,Industrialist,FD,Gold Loan
2,4,42,5,26,76,50,55,4,88,Defence,SIP,SBI Hybrid SIP
8,4,89,10,9,65,10,57,72,89,Legal Prof,Credit,SBI Equity SIP
5,8,57,5,12,86,72,57,27,16,State Govt,SIP,SBI Debt SIP
3,4,69,36,11,2,72,7,19,9,Pawn Shop,Loan,SBI Flexi RD Scheme
2,3,13,84,3,0,1,64,96,45,Migrant Labour,Credit,SBI EMI Card
5,8,65,46,14,89,71,41,21,50,Trade Sector,SIP,SBI Term Deposit
1,1,56,95,37,7,71,62,10,86,Student,SIP,Loan Against Property
6,1,4,80,84,88,69,85,16,76,Agriculture,FD,SBI Focused Equity SIP
3,2,1,70,91,3,1,83,21,69,PSU,SIP,SBI Credit Card
7,6,25,17,27,14,4,96,73,4,Defence,SIP,SBI Tax Savings FD
1,3,62,20,27,41,58,68,21,81,Import/Export,SIP,SBI Debt SIP
7,1,39,82,39,50,42,22,8,94,Private Sector,SIP,SBI Recurring Deposit
1,8,57,63,21,52,34,36,29,89,Trade Sector,FD,SBI Bluechip Fund SIP
8,1,12,74,62,10,65,77,4,93,Journalist,RD,SBI Equity SIP
7,5,1,48,39,97,36,35,53,74,Industrialist,Loan,Loan Against Property
8,2,36,31,31,80,59,32,11,42,Legal Prof,FD,Business Loan
3,6,19,43,38,34,22,57,40,47,Retired,FD,Gold Loan
1,7,27,61,63,93,61,87,18,84,Trade Sector,RD,SBI Small Cap SIP
2,7,35,72,25,7,32,92,67,22,Journalist,RD,Education Loan
6,6,21,25,8,0,33,4,58,40,Student,SIP,SBI Focused Equity SIP
4,8,15,64,79,78,52,87,21,67,Central Govt,FD,SBI Multi Option Deposit (MODS)
7,2,51,48,9,21,64,28,1,34,Import/Export,SIP,SBI Bluechip Fund SIP
6,4,41,70,6,59,49,11,37,48,Housewife,FD,SBI Tax Savings FD
6,3,96,34,2,51,97,84,1,83,Central Govt,RD,SBI Focused Equity SIP
1,6,29,4,10,65,52,62,40,81,Private Sector,SIP,SBI Equity SIP
4,6,58,67,41,11,51,67,1,42,Private Sector,FD,SBI Magnum SIP
6,7,30,28,52,20,5,55,32,93,Contractor,SIP,SBI Hybrid SIP
2,8,45,10,19,46,21,76,59,17,Stock Broker,Loan,Loan Against Property
1,8,12,10,57,12,89,49,1,37,Legal Prof,RD,Education Loan
8,8,14,51,30,81,5,30,88,99,Migrant Labour,Credit,SBI Overdraft
3,1,0,4,43,78,56,44,8,91,Jeweller,Loan,Agriculture Loan
5,3,41,36,21,38,59,73,21,73,Contractor,Loan,SBI Equity SIP
8,4,14,51,59,11,59,95,5,74,Import/Export,FD,SBI Hybrid SIP
7,8,68,16,14,97,42,73,9,29,Defence,RD,SBI Credit Card
5,3,4,10,27,71,77,75,6,14,Service Sector,SIP,SBI Magnum SIP
6,4,70,57,29,67,81,66,5,48,Trade Sector,RD,SBI Tax Savings FD
2,6,50,92,37,19,10,25,51,47,Pawn Shop,FD,SBI Term Deposit
4,3,22,8,71,87,38,24,57,16,Pawn Shop,Credit,SBI Credit Card
3,5,13,94,38,74,15,45,17,44,Service Sector,SIP,SBI Recurring Deposit
4,3,64,96,17,99,38,46,43,30,Retired,Loan,SBI Focused Equity SIP
5,7,84,70,12,59,42,58,3,76,Political/Social Worker,SIP,SBI Annuity Deposit
6,6,57,40,30,34,99,80,0,29,Journalist,FD,SBI Special FD (400 Days)
7,7,85,53,12,29,38,95,41,41,Pawn Shop,Credit,SBI WeCare FD (Senior Citizens)
1,6,38,36,56,6,90,78,8,50,CA/Finance,Loan,Overdraft Facility
6,4,97,59,2,95,76,37,10,0,Stock Broker,FD,SBI Bluechip Fund SIP
3,8,2,31,13,37,1,45,60,41,Stock Broker,Credit,SBI Credit Card
7,1,10,45,40,85,70,62,24,38,Central Govt,Credit,Loan Against Property
1,1,58,72,13,54,35,94,26,80,Central Govt,RD,SBI Credit Card
5,4,26,34,40,35,27,98,15,18,Student,Credit,SBI Focused Equity SIP
1,7,62,98,5,79,95,24,2,16,Agriculture,Credit,SBI Credit Card
3,2,23,80,37,56,87,35,0,98,Trade Sector,FD,SBI Credit Card
8,5,95,24,1,30,10,44,51,66,Migrant Labour,RD,Agriculture Loan
6,6,88,99,7,35,80,43,5,56,Migrant Labour,Loan,SBI EMI Card
7,2,60,64,35,81,53,54,32,53,PSU,Loan,SBI Flexi RD Scheme
7,4,21,51,24,75,80,15,11,80,Student,SIP,SBI Small Cap SIP
7,7,39,7,26,70,20,56,65,3,Import/Export,Loan,Education Loan
3,7,66,55,17,42,50,95,45,33,Jeweller,FD,Home Loan
2,7,75,13,10,80,16,75,81,15,Legal Prof,FD,Home Loan
8,2,70,17,0,67,67,74,6,19,Service Sector,Loan,Home Loan
2,8,27,90,47,21,34,65,7,94,Pawn Shop,Loan,SBI Overdraft
6,1,99,64,0,53,2,96,4,53,Defence,SIP,Credit Card Loan
2,8,45,10,28,33,14,29,47,98,Service Sector,FD,SBI Special FD (400 Days)
7,4,32,62,21,25,35,94,22,92,Industrialist,Loan,SBI Credit Card
2,4,8,92,83,26,28,80,43,4,Stock Broker,Credit,SBI Overdraft
5,2,78,86,17,12,49,46,1,88,Legal Prof,FD,SBI Annuity Deposit
2,4,8,69,58,42,44,22,37,78,Import/Export,Credit,Home Loan
8,7,50,55,40,68,31,85,37,38,Import/Export,FD,SBI Credit Card
5,2,0,67,49,66,18,9,58,27,Contractor,Loan,Business Loan
7,3,55,16,35,70,2,17,22,45,Journalist,Credit,Pension Loan
6,3,59,51,11,47,62,23,35,73,Engineer/Architect,Credit,Business Loan
2,8,54,80,27,74,17,80,40,99,Trade Sector,SIP,Pension Loan
5,4,96,69,2,58,50,57,7,69,CA/Finance,Credit,Two-Wheeler Loan
1,1,82,31,16,34,53,48,43,53,Engineer/Architect,Credit,Two-Wheeler Loan
4,8,7,27,20,79,47,51,7,14,Central Govt,SIP,SBI Debt SIP
7,7,95,72,2,98,3,27,40,46,Defence,FD,Car Loan
2,5,47,13,4,45,73,12,14,15,Pawn Shop,Loan,SBI EMI Card
1,3,57,88,23,1,47,13,48,96,State Govt,RD,SBI Recurring Deposit
2,6,88,29,5,33,36,87,63,62,Trade Sector,RD,SBI Focused Equity SIP
3,7,84,78,2,65,22,50,46,83,Trade Sector,Loan,SBI Focused Equity SIP
7,8,46,28,11,48,42,68,19,59,State Govt,FD,SBI Focused Equity SIP
7,4,68,30,14,21,75,83,9,19,Contractor,FD,SBI Multi Option Deposit (MODS)
7,6,27,46,28,44,71,49,10,88,Student,Credit,SBI Overdraft
3,7,70,23,28,31,75,95,3,58,Student,FD,Overdraft Facility
6,2,4,74,15,41,10,97,34,80,Trade Sector,Credit,SBI Overdraft
4,8,58,1,23,98,2,72,37,35,PSU,FD,SBI Bluechip Fund SIP
4,1,1,36,84,70,33,67,26,13,Medical Prof,SIP,Credit Card Loan
1,1,78,54,13,70,60,84,20,49,Journalist,Loan,Home Loan
4,3,77,29,22,3,58,34,4,73,Trade Sector,FD,Two-Wheeler Loan
4,8,43,50,31,84,94,69,2,31,Stock Broker,Credit,SBI Magnum SIP
4,3,76,10,22,77,13,9,50,83,Migrant Labour,SIP,SBI Focused Equity SIP
2,1,77,25,20,6,27,97,17,44,CA/Finance,Loan,Car Loan
4,2,20,79,27,55,95,22,3,47,Trade Sector,SIP,SBI Debt SIP
7,8,42,61,49,54,5,11,32,99,Agriculture,FD,SBI Equity SIP
2,1,51,2,10,56,56,6,13,3,Contractor,FD,SBI Tax Savings FD
8,6,3,16,26,97,85,69,5,53,Defence,SIP,SBI Debt SIP
5,5,4,39,68,6,46,93,9,24,Defence,RD,Tractor Loan
7,1,53,5,17,74,26,68,71,70,Stock Broker,RD,SBI Tax Savings FD
5,6,31,40,0,40,53,31,45,29,Defence,FD,SBI Multi Option Deposit (MODS)
1,4,60,60,32,43,12,43,39,47,Central Govt,RD,SBI Small Cap SIP
7,4,24,33,60,83,45,96,53,61,Jeweller,RD,SBI Overdraft
5,4,4,83,75,36,92,64,2,15,Pawn Shop,Loan,Credit Card Loan
5,2,47,56,19,67,92,27,7,76,Import/Export,Credit,SBI Annuity Deposit
3,4,16,49,81,72,81,50,7,41,Journalist,FD,SBI Credit Card
1,1,30,93,51,98,38,83,59,15,Political/Social Worker,FD,SBI Special FD (200 Days)
2,3,81,83,10,60,72,62,18,25,Political/Social Worker,RD,Car Loan
8,8,51,33,0,6,51,10,23,35,Industrialist,Credit,SBI Bluechip Fund SIP
6,6,96,20,3,36,21,34,60,37,Trade Sector,SIP,SBI Annuity Deposit
3,5,48,18,20,30,29,18,21,1,PSU,RD,Agriculture Loan
5,6,11,89,77,83,70,18,16,81,Legal Prof,Loan,SBI Bluechip Fund SIP
2,7,95,70,2,70,50,9,36,96,Central Govt,Credit,SBI Annuity Deposit
5,2,50,25,18,69,1,22,50,53,Journalist,SIP,Car Loan
3,8,49,35,48,70,87,57,4,62,Stock Broker,FD,SBI Special FD (200 Days)
2,1,76,91,17,75,80,85,12,38,Retired,Credit,SBI Equity SIP
1,4,12,75,45,6,46,2,16,49,State Govt,SIP,SBI EMI Card
2,3,54,37,27,29,43,7,16,13,Pawn Shop,FD,Business Loan
6,3,65,16,31,14,39,15,12,12,Legal Prof,SIP,Overdraft Facility
2,2,80,29,12,70,29,98,56,65,Contractor,RD,Business Loan
5,4,88,13,1,63,85,53,5,1,PSU,RD,SBI Equity SIP
3,1,89,78,10,3,62,91,0,9,Service Sector,FD,SBI Hybrid SIP
5,7,16,15,21,79,90,51,7,32,PSU,SIP,SBI Debt SIP
7,7,47,56,26,41,14,5,6,56,Medical Prof,SIP,SBI EMI Card
4,6,26,93,58,71,6,13,39,9,Medical Prof,FD,SBI WeCare FD (Senior Citizens)
8,4,51,80,30,61,83,49,9,76,Private Sector,SIP,SBI Tax Savings FD
2,4,44,73,29,74,34,96,21,69,Contractor,Credit,Business Loan
6,4,6,61,65,86,59,17,0,6,Pawn Shop,RD,SBI Overdraft
2,5,68,54,30,5,97,55,1,96,Jeweller,FD,SBI Bluechip Fund SIP
2,4,22,94,15,5,15,62,55,0,Housewife,Credit,SBI Overdraft
1,7,20,49,37,11,68,72,30,43,Medical Prof,Loan,Car Loan
1,6,9,57,45,36,99,98,0,80,Legal Prof,FD,Gold Loan
8,8,80,96,4,93,5,41,73,80,Jeweller,RD,SBI Credit Card
5,2,99,41,0,64,33,89,36,0,Engineer/Architect,FD,Education Loan
7,6,17,21,33,79,0,21,52,49,Medical Prof,SIP,SBI Credit Card
7,6,69,70,24,80,41,19,1,1,Political/Social Worker,Loan,SBI Special FD (400 Days)
4,1,1,85,84,48,67,16,20,82,Medical Prof,SIP,Loan Against Property
4,1,97,62,2,88,87,61,9,2,Agriculture,SIP,Two-Wheeler Loan
2,8,7,98,4,90,10,18,41,47,Pawn Shop,Credit,SBI EMI Card
8,5,91,95,3,17,17,71,73,96,Medical Prof,FD,Pension Loan
5,4,97,41,2,16,70,89,6,45,Private Sector,RD,SBI Credit Card
4,6,95,23,2,23,31,80,18,17,Service Sector,Loan,SBI Hybrid SIP
8,8,63,22,15,85,79,32,3,23,Retired,Credit,SBI Special FD (200 Days)
1,7,57,84,7,24,73,52,0,60,Service Sector,FD,SBI Credit Card
3,1,72,39,19,6,47,84,19,18,CA/Finance,Credit,SBI Bluechip Fund SIP
2,8,79,34,12,71,74,2,24,65,Medical Prof,SIP,SBI Overdraft
5,6,2,85,64,33,14,32,83,72,Legal Prof,FD,Education Loan
8,6,8,51,56,81,39,7,37,86,State Govt,SIP,Car Loan
7,6,81,44,10,16,2,57,29,95,State Govt,FD,SBI Bluechip Fund SIP
7,4,7,45,79,87,40,15,33,4,Pawn Shop,SIP,SBI EMI Card
5,2,4,88,12,49,98,45,0,89,Retired,SIP,SBI Focused Equity SIP
4,2,46,10,9,97,78,84,16,94,Trade Sector,Loan,Education Loan
1,3,80,24,16,86,61,32,19,18,Engineer/Architect,Loan,Gold Loan
8,4,95,37,2,25,31,4,12,48,Import/Export,RD,Gold Loan
5,7,17,41,5,51,65,25,12,20,CA/Finance,SIP,SBI Focused Equity SIP
3,4,79,23,9,67,4,47,13,87,Engineer/Architect,SIP,Pension Loan
3,7,81,8,3,96,82,34,3,73,Migrant Labour,FD,SBI Term Deposit
2,2,23,71,0,98,93,15,6,84,Retired,SIP,SBI Focused Equity SIP
5,5,51,88,6,85,6,16,26,43,Stock Broker,FD,Pension Loan
5,7,3,15,91,21,25,57,67,54,State Govt,Loan,Agriculture Loan
1,5,57,86,11,62,56,10,32,12,Retired,RD,SBI Small Cap SIP
8,3,88,21,9,77,80,41,2,19,Engineer/Architect,FD,SBI Flexi RD Scheme
5,2,73,38,4,10,92,93,5,54,Industrialist,FD,Gold Loan
8,7,92,52,7,86,72,17,4,18,Industrialist,FD,SBI Focused Equity SIP
2,4,81,90,18,77,37,33,36,1,Medical Prof,Loan,SBI Special FD (400 Days)
4,4,93,88,6,17,26,32,70,95,CA/Finance,SIP,Two-Wheeler Loan
6,2,34,81,22,78,88,95,0,52,Contractor,Loan,SBI Small Cap SIP
3,5,24,30,41,64,44,79,48,91,Housewife,RD,Car Loan
2,6,28,74,2,44,57,31,32,81,Jeweller,SIP,SBI Bluechip Fund SIP
8,4,39,88,27,73,12,62,79,83,Trade Sector,RD,SBI Multi Option Deposit (MODS)
5,8,11,5,57,6,35,90,9,71,Service Sector,Credit,Personal Loan
5,6,78,88,6,66,62,77,14,67,Retired,RD,Gold Loan
1,7,71,59,25,9,65,38,27,36,Jeweller,Credit,Business Loan
5,4,32,52,44,46,43,66,0,89,Industrialist,Loan,SBI Term Deposit
5,7,7,5,53,96,35,49,51,37,Stock Broker,RD,SBI Multi Option Deposit (MODS)
1,4,70,47,13,43,27,59,16,4,Stock Broker,Credit,SBI Multi Option Deposit (MODS)
3,1,44,99,8,97,58,82,15,11,Stock Broker,FD,SBI Annuity Deposit
4,8,5,26,3,44,29,36,45,8,Journalist,Credit,SBI EMI Card
2,7,20,94,16,5,54,49,23,36,Housewife,SIP,SBI Equity SIP
8,3,48,46,34,42,82,32,11,92,State Govt,Credit,Education Loan
6,8,18,74,24,47,66,46,33,90,Stock Broker,SIP,SBI Debt SIP
6,7,65,77,16,73,39,61,57,11,Medical Prof,Loan,SBI Bluechip Fund SIP
6,5,68,96,14,59,31,67,48,93,Journalist,Loan,Car Loan
5,4,99,35,0,80,17,11,50,4,CA/Finance,RD,SBI Credit Card
8,5,95,56,2,21,37,76,15,75,Medical Prof,Credit,SBI WeCare FD (Senior Citizens)
6,2,1,71,2,10,92,31,7,3,Stock Broker,SIP,SBI Equity SIP
8,8,85,23,6,63,9,77,35,77,Engineer/Architect,SIP,SBI WeCare FD (Senior Citizens)
7,7,90,33,2,95,18,60,51,84,Journalist,FD,Gold Loan
4,5,40,43,1,69,88,34,9,61,Trade Sector,FD,SBI WeCare FD (Senior Citizens)
1,4,34,53,36,94,71,27,13,69,Private Sector,SIP,Overdraft Facility
2,7,91,87,7,78,58,46,27,97,Migrant Labour,Credit,Home Loan
2,4,73,74,18,33,44,12,29,53,Legal Prof,FD,SBI Equity SIP
1,2,85,22,6,20,12,19,51,75,Private Sector,Loan,SBI WeCare FD (Senior Citizens)
4,3,95,78,2,34,87,24,7,98,Housewife,Loan,SBI Recurring Deposit
1,7,86,7,0,25,57,18,9,77,Retired,RD,Personal Loan
8,1,46,66,19,31,93,60,4,68,Political/Social Worker,SIP,Business Loan
3,7,86,1,0,81,12,96,0,99,Medical Prof,SIP,SBI Annuity Deposit
4,1,84,86,6,25,1,99,66,43,Migrant Labour,Loan,SBI Flexi RD Scheme
4,4,22,73,24,26,89,78,4,80,Stock Broker,SIP,SBI Small Cap SIP
8,7,8,23,32,87,34,18,49,38,Trade Sector,Loan,Pension Loan
4,7,24,68,26,32,31,15,10,98,Industrialist,RD,Credit Card Loan
2,4,86,11,6,87,24,28,33,50,Private Sector,Loan,Agriculture Loan
2,5,40,87,9,61,62,45,13,66,Private Sector,FD,SBI WeCare FD (Senior Citizens)
8,4,6,24,80,58,83,65,10,26,Engineer/Architect,FD,SBI Overdraft
5,3,18,85,38,69,84,13,9,59,Agriculture,SIP,Agriculture Loan
1,2,59,55,19,92,21,87,3,64,Jeweller,FD,SBI EMI Card
4,3,61,43,3,83,78,20,19,9,Private Sector,SIP,Agriculture Loan
5,6,92,68,7,74,28,48,9,57,PSU,FD,Agriculture Loan
6,8,84,47,15,90,77,0,20,64,Pawn Shop,SIP,SBI Special FD (200 Days)
3,6,18,42,39,36,97,26,0,44,Migrant Labour,Loan,SBI WeCare FD (Senior Citizens)
5,4,5,96,94,58,66,20,2,63,Migrant Labour,Credit,SBI Bluechip Fund SIP
8,8,12,32,3,36,94,23,0,88,Pawn Shop,SIP,SBI Equity SIP
5,3,50,17,49,19,35,17,59,39,Service Sector,RD,SBI Hybrid SIP
2,1,82,65,15,26,61,69,17,58,Central Govt,Loan,Agriculture Loan
6,8,84,91,8,35,17,6,22,81,Stock Broker,Credit,SBI WeCare FD (Senior Citizens)
2,8,78,71,2,70,64,49,20,29,State Govt,RD,Home Loan
6,8,67,44,20,28,12,55,72,87,Industrialist,SIP,Home Loan
6,3,87,61,12,30,68,16,22,48,CA/Finance,RD,SBI Focused Equity SIP
5,4,21,38,28,68,44,81,45,67,Industrialist,SIP,SBI Magnum SIP
4,5,67,35,7,5,51,69,39,99,Defence,RD,Loan Against Property
1,2,53,14,26,90,46,20,0,0,Pawn Shop,RD,Two-Wheeler Loan
4,4,36,57,30,96,59,10,30,28,Trade Sector,Credit,SBI Special FD (400 Days)
4,6,57,2,35,88,27,34,67,92,Journalist,SIP,Car Loan
4,1,75,73,24,81,49,71,35,76,Student,Loan,Loan Against Property
6,7,50,20,27,87,63,26,20,76,Student,Credit,Business Loan
1,7,92,99,7,29,47,22,21,96,Private Sector,RD,SBI Flexi RD Scheme
5,8,64,58,11,92,12,30,33,70,Defence,FD,Personal Loan
2,7,50,42,7,58,54,58,11,8,Retired,SIP,Business Loan
1,3,22,25,62,11,21,8,60,68,Central Govt,Credit,Personal Loan
8,1,37,63,44,71,10,33,31,41,Private Sector,FD,SBI Equity SIP
7,5,4,98,66,72,42,82,15,42,Industrialist,FD,Credit Card Loan
4,1,52,66,45,99,65,34,32,78,Industrialist,RD,Education Loan
6,1,84,29,8,41,87,70,7,90,Private Sector,RD,Pension Loan
8,2,51,94,26,24,5,9,73,73,Stock Broker,Credit,SBI Debt SIP
4,7,70,52,17,49,16,91,10,96,Central Govt,Loan,SBI Equity SIP
4,3,98,44,0,28,43,58,44,14,Industrialist,SIP,Home Loan
4,4,63,37,11,16,98,16,0,62,Student,FD,SBI Special FD (400 Days)
2,6,87,8,7,26,79,77,16,44,Import/Export,RD,Two-Wheeler Loan
6,3,26,44,39,25,25,66,44,5,State Govt,RD,Tractor Loan
7,5,0,16,39,8,36,56,30,12,Import/Export,Loan,Overdraft Facility
1,7,56,99,6,41,87,46,0,43,Medical Prof,RD,SBI Tax Savings FD
4,2,89,6,0,11,78,53,10,66,Legal Prof,FD,SBI Debt SIP
6,8,44,58,50,53,36,0,54,20,Defence,SIP,SBI Debt SIP
3,8,94,69,3,91,41,94,33,79,State Govt,SIP,SBI Magnum SIP
3,8,31,1,12,67,42,59,19,88,Housewife,FD,SBI Multi Option Deposit (MODS)
8,1,32,31,29,37,4,57,11,39,State Govt,SIP,SBI Tax Savings FD
8,7,28,72,51,20,91,97,0,74,Journalist,Loan,SBI Equity SIP
2,7,79,70,0,88,81,97,7,43,Trade Sector,Loan,SBI Special FD (200 Days)
3,7,22,91,52,12,44,37,20,69,PSU,Credit,SBI Hybrid SIP
6,8,20,71,27,18,2,49,22,73,Industrialist,RD,SBI Flexi RD Scheme
4,4,91,84,7,81,82,3,15,40,Housewife,FD,Pension Loan
1,2,12,33,8,6,79,37,3,74,Jeweller,SIP,SBI Hybrid SIP
6,4,99,44,0,58,82,27,6,2,Engineer/Architect,FD,SBI Overdraft
2,5,44,52,23,44,45,17,11,12,Import/Export,FD,SBI Hybrid SIP
5,2,13,94,27,70,71,28,15,99,Service Sector,SIP,SBI Magnum SIP
4,1,16,77,48,45,62,12,19,99,Agriculture,Credit,SBI Multi Option Deposit (MODS)
7,6,42,85,3,71,83,44,10,40,Retired,FD,SBI Term Deposit
1,7,35,46,32,84,24,66,18,13,Stock Broker,Loan,Credit Card Loan
6,1,34,50,31,79,54,71,11,13,Legal Prof,Loan,Home Loan
8,4,97,5,0,69,52,7,6,14,Engineer/Architect,RD,SBI Small Cap SIP
2,3,21,18,66,99,64,97,32,56,Medical Prof,RD,SBI Bluechip Fund SIP
4,5,15,47,51,90,83,12,8,3,CA/Finance,Credit,Agriculture Loan
2,7,80,91,13,52,91,40,5,2,Jeweller,Credit,Pension Loan
2,5,33,35,54,53,51,51,20,18,Jeweller,SIP,Overdraft Facility
8,5,78,66,15,30,70,7,14,88,PSU,SIP,SBI WeCare FD (Senior Citizens)
3,4,84,13,9,3,54,68,1,23,Agriculture,Loan,Two-Wheeler Loan
3,3,97,52,2,47,28,90,61,85,Jeweller,SIP,SBI Overdraft
8,6,56,31,11,7,2,29,80,14,Trade Sector,RD,SBI Small Cap SIP
6,7,63,35,25,89,77,30,2,77,Medical Prof,FD,Pension Loan
6,8,41,35,17,75,99,60,0,39,Jeweller,FD,Business Loan
7,1,76,14,2,20,92,82,2,27,Stock Broker,Credit,Tractor Loan
7,3,38,57,31,83,66,24,29,10,CA/Finance,Loan,SBI Annuity Deposit
2,1,18,75,52,80,33,12,31,85,PSU,Credit,Tractor Loan
5,1,46,64,45,22,28,50,60,62,Journalist,SIP,SBI Tax Savings FD
5,6,70,43,0,6,99,1,0,16,Medical Prof,FD,SBI Term Deposit
6,6,96,74,1,70,34,24,62,60,Student,RD,Personal Loan
3,2,58,63,20,18,55,77,36,73,Central Govt,Credit,SBI Recurring Deposit
8,6,76,1,13,5,18,40,74,50,Service Sector,Loan,SBI EMI Card
6,1,61,81,35,51,26,61,49,99,Trade Sector,RD,SBI Debt SIP
8,6,4,94,8,19,33,83,35,91,Agriculture,SIP,SBI Equity SIP
3,7,29,48,68,41,69,43,2,0,PSU,SIP,Education Loan
7,1,43,50,17,40,86,63,12,87,Industrialist,Credit,Personal Loan
2,6,16,5,4,52,60,94,24,16,PSU,SIP,SBI Equity SIP
7,6,36,76,47,26,67,26,13,71,CA/Finance,SIP,SBI Tax Savings FD
2,7,56,47,40,26,74,32,9,75,Student,FD,SBI Annuity Deposit
4,2,90,84,7,93,16,7,19,17,Pawn Shop,FD,SBI Overdraft
2,4,71,13,18,25,9,29,74,55,Contractor,SIP,Business Loan
3,8,85,1,2,11,36,68,57,70,Stock Broker,SIP,SBI EMI Card
3,6,99,92,0,72,61,11,21,0,Migrant Labour,Loan,SBI Flexi RD Scheme
4,3,13,25,13,48,8,67,72,59,Defence,Credit,SBI Credit Card
1,5,53,45,0,47,0,9,44,14,Pawn Shop,RD,SBI Bluechip Fund SIP
6,5,12,60,26,12,80,28,17,84,Agriculture,SIP,SBI Bluechip Fund SIP
7,8,74,14,6,67,32,31,41,10,Political/Social Worker,Credit,SBI Special FD (400 Days)
3,4,70,61,27,95,83,85,11,47,Central Govt,FD,SBI Recurring Deposit
4,8,16,96,82,69,54,50,33,99,Jeweller,Loan,Car Loan
2,8,17,6,37,86,42,45,31,60,Retired,FD,Agriculture Loan
8,6,4,21,53,73,85,78,9,37,Retired,Loan,SBI Term Deposit
4,7,34,45,59,82,61,78,22,60,Central Govt,Loan,SBI Focused Equity SIP
3,1,62,44,3,38,78,21,9,10,Legal Prof,RD,SBI Focused Equity SIP
3,3,6,89,7,90,50,45,22,37,Import/Export,SIP,SBI Magnum SIP
3,2,49,36,2,55,40,15,28,43,State Govt,RD,SBI Multi Option Deposit (MODS)
